{"mean":{"confidence_interval":{"confidence_level":0.95,"lower_bound":3150388.00875,"upper_bound":3163769.5125},"point_estimate":3156753.428125,"standard_error":3441.0551063511343},"median":{"confidence_interval":{"confidence_level":0.95,"lower_bound":3140469.5,"upper_bound":3150183.3125},"point_estimate":3144207.0625,"standard_error":3443.739048734279},"median_abs_dev":{"confidence_interval":{"confidence_level":0.95,"lower_bound":13865.13596009463,"upper_bound":30520.849389396608},"point_estimate":19410.523174144328,"standard_error":4305.849502617909},"slope":null,"std_dev":{"confidence_interval":{"confidence_level":0.95,"lower_bound":28714.474533723245,"upper_bound":39656.203466607505},"point_estimate":34576.41183426887,"standard_error":2796.402740042159}}