{"mean":{"confidence_interval":{"confidence_level":0.95,"lower_bound":6067857.139999998,"upper_bound":6084758.405555556},"point_estimate":6076027.977777779,"standard_error":4307.711493147841},"median":{"confidence_interval":{"confidence_level":0.95,"lower_bound":6058994.333333333,"upper_bound":6075224.444444444},"point_estimate":6064196.0,"standard_error":3988.43118217993},"median_abs_dev":{"confidence_interval":{"confidence_level":0.95,"lower_bound":23346.913618842376,"upper_bound":39882.02165862055},"point_estimate":30997.04711635946,"standard_error":4449.612379516413},"slope":null,"std_dev":{"confidence_interval":{"confidence_level":0.95,"lower_bound":34257.42243492767,"upper_bound":50492.989543799864},"point_estimate":42907.96509062429,"standard_error":4155.560311973042}}