{"mean":{"confidence_interval":{"confidence_level":0.95,"lower_bound":4600392.827999999,"upper_bound":4620840.449090908},"point_estimate":4610097.108181818,"standard_error":5225.499732922509},"median":{"confidence_interval":{"confidence_level":0.95,"lower_bound":4593071.636363637,"upper_bound":4607325.318181818},"point_estimate":4601641.681818182,"standard_error":3208.649684602062},"median_abs_dev":{"confidence_interval":{"confidence_level":0.95,"lower_bound":29769.39443512371,"upper_bound":47268.25236082146},"point_estimate":43013.796954534395,"standard_error":4831.263702435157},"slope":null,"std_dev":{"confidence_interval":{"confidence_level":0.95,"lower_bound":38406.23208642263,"upper_bound":64661.38650513594},"point_estimate":52194.67445611236,"standard_error":6751.339217822046}}